h3_cell_int,h3_cell_hex,total_requests,completed_trips,no_drivers_count,cancelled_count,friction_rate_pct,avg_passenger_rating
615446140095037439,88a8100eebfffff,1286,896,193,197,30.33,4.57
615446140086648831,88a8100ee3fffff,1277,879,203,195,31.17,4.55
615446140084551679,88a8100ee1fffff,1258,859,202,197,31.72,4.56
615446140088745983,88a8100ee5fffff,1246,891,187,168,28.49,4.58
615446140092940287,88a8100ee9fffff,1229,860,189,180,30.02,4.56
615446139996471295,88a8100e8dfffff,1214,851,190,173,29.9,4.56
615446140090843135,88a8100ee7fffff,1213,876,166,171,27.78,4.58
615446140025831423,88a8100ea9fffff,1201,825,180,196,31.31,4.57
615446139407171583,88a8100c5bfffff,1195,843,169,183,29.46,4.56
615446140030025727,88a8100eadfffff,1179,822,177,180,30.28,4.58
615446139988082687,88a8100e85fffff,1176,850,147,179,27.72,4.56
615446140057288703,88a8100ec7fffff,1168,819,181,168,29.88,4.56
615446140055191551,88a8100ec5fffff,1164,789,179,196,32.22,4.56
615446139398782975,88a8100c53fffff,1158,832,166,160,28.15,4.57
615446140063580159,88a8100ecdfffff,1156,786,179,191,32.01,4.56
615446140027928575,88a8100eabfffff,1148,811,179,158,29.36,4.58
615446140017442815,88a8100ea1fffff,1140,813,183,144,28.68,4.56
615446139992276991,88a8100e89fffff,1134,762,198,174,32.8,4.57
615446140021637119,88a8100ea5fffff,1128,829,147,152,26.51,4.58
615446140050997247,88a8100ec1fffff,1123,783,154,186,30.28,4.54
615446139983888383,88a8100e81fffff,1115,782,162,171,29.87,4.58
615446140097134591,88a8100eedfffff,1109,764,186,159,31.11,4.57
615446139868545023,88a8100e13fffff,1095,742,190,163,32.24,4.56
615446139396685823,88a8100c51fffff,1083,771,153,159,28.81,4.55
615446140053094399,88a8100ec3fffff,1081,746,164,171,30.99,4.56
615446139994374143,88a8100e8bfffff,1069,730,168,171,31.71,4.58
615446139402977279,88a8100c57fffff,1066,771,157,138,27.67,4.58
615446139990179839,88a8100e87fffff,1046,742,144,160,29.06,4.57
615446139872739327,88a8100e17fffff,1040,749,148,143,27.98,4.56
615446139337965567,88a8100c19fffff,1036,735,157,144,29.05,4.58
615446139405074431,88a8100c59fffff,1030,694,162,174,32.62,4.59
615446139876933631,88a8100e1bfffff,1026,700,169,157,31.77,4.56
615446140061483007,88a8100ecbfffff,1011,691,181,139,31.65,4.58
615446139400880127,88a8100c55fffff,1009,703,155,151,30.33,4.59
615446137473597439,88a8100527fffff,997,711,145,141,28.69,4.55
615446140071968767,88a8100ed5fffff,994,711,140,143,28.47,4.55
615446140059385855,88a8100ec9fffff,989,689,156,144,30.33,4.58
615446140023734271,88a8100ea7fffff,985,685,160,140,30.46,4.55
615446139985985535,88a8100e83fffff,985,690,145,150,29.95,4.58
615446139866447871,88a8100e11fffff,975,670,135,170,31.28,4.57
615446139342159871,88a8100c1dfffff,967,693,138,136,28.34,4.57
615446140019539967,88a8100ea3fffff,955,705,109,141,26.18,4.57
615446139409268735,88a8100c5dfffff,955,671,126,158,29.74,4.55
615446139323285503,88a8100c0bfffff,954,695,130,129,27.15,4.55
615446139329576959,88a8100c11fffff,953,683,133,137,28.33,4.57
615446139340062719,88a8100c1bfffff,949,671,140,138,29.29,4.55
615446139902099455,88a8100e33fffff,945,650,135,160,31.22,4.57
615446139910488063,88a8100e3bfffff,943,651,136,156,30.97,4.58
615446139314896895,88a8100c03fffff,926,648,136,142,30.02,4.58
615446137469403135,88a8100523fffff,921,631,149,141,31.49,4.56
615446139333771263,88a8100c15fffff,894,622,147,125,30.43,4.54
615446140080357375,88a8100eddfffff,874,585,139,150,33.07,4.56
615446140042608639,88a8100eb9fffff,870,595,146,129,31.61,4.56
615446140046802943,88a8100ebdfffff,857,609,123,125,28.94,4.57
615446139321188351,88a8100c09fffff,852,589,123,140,30.87,4.54
615446137488277503,88a8100535fffff,846,602,119,125,28.84,4.56
615446137471500287,88a8100525fffff,841,586,143,112,30.32,4.56
615446139335868415,88a8100c17fffff,841,598,126,117,28.89,4.56
615446139331674111,88a8100c13fffff,838,573,134,131,31.62,4.57
615446140013248511,88a8100e9dfffff,828,565,146,117,31.76,4.56
615446139874836479,88a8100e19fffff,818,580,121,117,29.1,4.59
615446139312799743,88a8100c01fffff,817,562,136,119,31.21,4.57
615446139906293759,88a8100e37fffff,816,557,125,134,31.74,4.56
615446139526709247,88a8100ccdfffff,808,563,108,137,30.32,4.58
615446139522514943,88a8100cc9fffff,808,577,121,110,28.59,4.55
615446140074065919,88a8100ed7fffff,793,550,128,115,30.64,4.57
615446139870642175,88a8100e15fffff,788,556,123,109,29.44,4.57
615446137467305983,88a8100521fffff,784,561,116,107,28.44,4.56
615446140038414335,88a8100eb5fffff,770,537,127,106,30.26,4.55
615446139900002303,88a8100e31fffff,763,537,107,119,29.62,4.55
615446139371519999,88a8100c39fffff,761,528,109,124,30.62,4.56
615446140034220031,88a8100eb1fffff,753,529,108,116,29.75,4.58
615446139382005759,88a8100c43fffff,752,513,114,125,31.78,4.58
615446139319091199,88a8100c07fffff,742,495,117,130,33.29,4.56
615446140004859903,88a8100e95fffff,742,537,99,106,27.63,4.55
615446140067774463,88a8100ed1fffff,738,489,116,133,33.74,4.55
615446137490374655,88a8100537fffff,723,507,102,114,29.88,4.55
615446137477791743,88a810052bfffff,717,471,120,126,34.31,4.6
615446137496666111,88a810053dfffff,716,482,120,114,32.68,4.56
615446139373617151,88a8100c3bfffff,712,517,94,101,27.39,4.58
615446139935653887,88a8100e53fffff,694,482,118,94,30.55,4.57
615446137479888895,88a810052dfffff,690,478,106,106,30.72,4.56
615446139556069375,88a8100ce9fffff,670,464,99,107,30.75,4.59
615446139390394367,88a8100c4bfffff,668,455,112,101,31.89,4.58
615446140044705791,88a8100ebbfffff,668,467,107,94,30.09,4.58
615446139879030783,88a8100e1dfffff,664,464,107,93,30.12,4.58
615446139316994047,88a8100c05fffff,663,459,110,94,30.77,4.57
615446137475694591,88a8100529fffff,662,461,102,99,30.36,4.55
615446139518320639,88a8100cc5fffff,656,465,88,103,29.12,4.56
615446139908390911,88a8100e39fffff,650,482,88,80,25.85,4.55
615446137484083199,88a8100531fffff,641,443,92,106,30.89,4.56
615446139560263679,88a8100cedfffff,638,442,102,94,30.72,4.55
615446139325382655,88a8100c0dfffff,635,452,98,85,28.82,4.55
615446140000665599,88a8100e91fffff,629,434,107,88,31.0,4.56
615446139363131391,88a8100c31fffff,620,445,91,84,28.23,4.57
615446139939848191,88a8100e57fffff,619,443,79,97,28.43,4.55
615446139386200063,88a8100c47fffff,618,421,107,90,31.88,4.57
615446140069871615,88a8100ed3fffff,602,419,101,82,30.4,4.55
615446140076163071,88a8100ed9fffff,594,414,87,93,30.3,4.57
615446139379908607,88a8100c41fffff,587,388,104,95,33.9,4.54
615446139375714303,88a8100c3dfffff,582,407,78,97,30.07,4.56
615446139904196607,88a8100e35fffff,578,402,88,88,30.45,4.56
615446137540706303,88a8100567fffff,575,400,88,87,30.43,4.56
615446140009054207,88a8100e99fffff,568,403,85,80,29.05,4.55
615446139524612095,88a8100ccbfffff,565,400,93,72,29.2,4.58
615446139851767807,88a8100e03fffff,564,380,97,87,32.62,4.56
615446139365228543,88a8100c33fffff,563,381,87,95,32.33,4.57
615446139944042495,88a8100e5bfffff,549,385,92,72,29.87,4.55
615446137440043007,88a8100507fffff,549,385,81,83,29.87,4.57
615446139514126335,88a8100cc1fffff,546,392,75,79,28.21,4.54
615446140006957055,88a8100e97fffff,540,374,85,81,30.74,4.58
615446140040511487,88a8100eb7fffff,528,381,73,74,27.84,4.55
615446137437945855,88a8100505fffff,513,370,77,66,27.88,4.58
615446139356839935,88a8100c2bfffff,503,354,69,80,29.62,4.55
615446139860156415,88a8100e0bfffff,498,356,72,70,28.51,4.58
615446137536511999,88a8100563fffff,495,334,76,85,32.53,4.57
615446140078260223,88a8100edbfffff,494,330,60,104,33.2,4.57
615446137492471807,88a8100539fffff,489,355,69,65,27.4,4.53
615446137486180351,88a8100533fffff,489,337,69,83,31.08,4.59
615446139547680767,88a8100ce1fffff,486,343,74,69,29.42,4.57
615446140036317183,88a8100eb3fffff,480,327,67,86,31.88,4.58
615446140011151359,88a8100e9bfffff,478,334,72,72,30.13,4.59
615446139933556735,88a8100e51fffff,471,327,72,72,30.57,4.57
615446139367325695,88a8100c35fffff,471,339,68,64,28.03,4.55
615446139558166527,88a8100cebfffff,470,337,66,67,28.3,4.55
615446139912585215,88a8100e3dfffff,468,324,78,66,30.77,4.56
615446152042512383,88a8103b6dfffff,455,317,57,81,30.33,4.53
615446139369422847,88a8100c37fffff,448,305,74,69,31.92,4.61
615446139937751039,88a8100e55fffff,437,305,68,64,30.21,4.57
615446139415560191,88a8100c63fffff,432,305,58,69,29.4,4.57
615446139388297215,88a8100c49fffff,431,299,63,69,30.63,4.58
615446137672826879,88a81005e5fffff,429,278,78,73,35.2,4.57
615446139551875071,88a8100ce5fffff,425,295,63,67,30.59,4.57
615446139516223487,88a8100cc3fffff,425,280,69,76,34.12,4.55
615446137605718015,88a81005a5fffff,416,283,66,67,31.97,4.59
615446139384102911,88a8100c45fffff,415,302,56,57,27.23,4.57
615446139423948799,88a8100c6bfffff,414,306,62,46,26.09,4.56
615446139855962111,88a8100e07fffff,413,265,72,76,35.84,4.51
615446139348451327,88a8100c23fffff,412,277,62,73,32.77,4.59
615446139354742783,88a8100c29fffff,405,302,49,54,25.43,4.58
615446139520417791,88a8100cc7fffff,405,282,64,59,30.37,4.57
615446137534414847,88a8100561fffff,397,285,49,63,28.21,4.56
615446137433751551,88a8100501fffff,397,286,60,51,27.96,4.57
615446137494568959,88a810053bfffff,395,280,64,51,29.11,4.56
615446139543486463,88a8100cddfffff,394,261,66,67,33.76,4.57
615446139885322239,88a8100e23fffff,392,289,49,54,26.28,4.55
615446139790950399,88a8100dc9fffff,380,259,67,54,31.84,4.57
615446152038318079,88a8103b69fffff,378,257,68,53,32.01,4.56
615446139941945343,88a8100e59fffff,375,249,58,68,33.6,4.55
615446139539292159,88a8100cd9fffff,374,252,54,68,32.62,4.59
615446137538609151,88a8100565fffff,373,256,59,58,31.37,4.56
615446137614106623,88a81005adfffff,373,263,60,50,29.49,4.52
615446140002762751,88a8100e93fffff,370,261,57,52,29.46,4.55
615446137446334463,88a810050dfffff,369,252,56,61,31.71,4.55
615446139346354175,88a8100c21fffff,365,252,47,66,30.96,4.6
615446152034123775,88a8103b65fffff,364,260,57,47,28.57,4.57
615446137435848703,88a8100503fffff,361,250,45,66,30.75,4.57
615446139807727615,88a8100dd9fffff,354,256,50,48,27.68,4.56
615446139849670655,88a8100e01fffff,339,240,45,54,29.2,4.59
615446139392491519,88a8100c4dfffff,334,229,52,53,31.44,4.56
615446139553972223,88a8100ce7fffff,333,242,49,42,27.33,4.6
615446152029929471,88a8103b61fffff,332,227,47,58,31.63,4.53
615446139946139647,88a8100e5dfffff,327,224,45,58,31.5,4.54
615446137544900607,88a810056bfffff,327,232,48,47,29.05,4.54
615446137454723071,88a8100515fffff,327,219,45,63,33.03,4.54
615446139811921919,88a8100dddfffff,326,210,52,64,35.58,4.55
615446139793047551,88a8100dcbfffff,323,231,52,40,28.48,4.53
615446137681215487,88a81005edfffff,315,224,46,45,28.89,4.56
615446139858059263,88a8100e09fffff,313,206,53,54,34.19,4.53
615446139549777919,88a8100ce3fffff,311,210,47,54,32.48,4.61
615446139459600383,88a8100c8dfffff,310,228,29,53,26.45,4.6
615446137546997759,88a810056dfffff,306,208,52,46,32.03,4.56
615446139413463039,88a8100c61fffff,301,207,47,47,31.23,4.56
615446152008957951,88a8103b4dfffff,299,221,48,30,26.09,4.59
615446137674924031,88a81005e7fffff,298,213,43,42,28.52,4.57
615446152000569343,88a8103b45fffff,292,198,53,41,32.19,4.56
615446139419754495,88a8100c67fffff,292,205,42,45,29.79,4.54
615446139352645631,88a8100c27fffff,291,207,43,41,28.87,4.61
615446137607815167,88a81005a7fffff,289,204,45,40,29.41,4.55
615446139421851647,88a8100c69fffff,284,190,53,41,33.1,4.6
615446139893710847,88a8100e2bfffff,282,198,41,43,29.79,4.6
615446137442140159,88a8100509fffff,281,198,36,47,29.54,4.57
615446139358937087,88a8100c2dfffff,277,198,36,43,28.52,4.57
615446139809824767,88a8100ddbfffff,267,183,35,49,31.46,4.59
615446139853864959,88a8100e05fffff,266,174,42,50,34.59,4.56
615446139535097855,88a8100cd5fffff,261,174,41,46,33.33,4.54
615446137444237311,88a810050bfffff,260,178,48,34,31.54,4.53
615446139455406079,88a8100c89fffff,258,177,42,39,31.4,4.55
615446136278220799,88a81000b3fffff,254,185,35,34,27.17,4.59
615446137542803455,88a8100569fffff,248,176,44,28,29.03,4.6
615446139541389311,88a8100cdbfffff,246,175,31,40,28.86,4.58
615446139889516543,88a8100e27fffff,244,170,43,31,30.33,4.56
615446137456820223,88a8100517fffff,241,160,35,46,33.61,4.56
615446139530903551,88a8100cd1fffff,237,160,38,39,32.49,4.59
615446152036220927,88a8103b67fffff,236,166,43,27,29.66,4.55
615446137601523711,88a81005a1fffff,234,157,33,44,32.91,4.55
615446136282415103,88a81000b7fffff,231,158,37,36,31.6,4.53
615446152040415231,88a8103b6bfffff,229,159,38,32,30.57,4.58
615446139782561791,88a8100dc1fffff,225,161,34,30,28.44,4.55
615446137507151871,88a8100547fffff,225,145,43,37,35.56,4.56
615446139799339007,88a8100dd1fffff,223,155,31,37,30.49,4.56
615446139918876671,88a8100e43fffff,221,163,34,24,26.24,4.54
615446137668632575,88a81005e1fffff,221,149,43,29,32.58,4.6
615446139488960511,88a8100ca9fffff,219,163,26,30,25.57,4.62
615446137609912319,88a81005a9fffff,218,157,32,29,27.98,4.59
615446139784658943,88a8100dc3fffff,213,140,45,28,34.27,4.55
615446139451211775,88a8100c85fffff,212,149,33,30,29.72,4.52
615446139350548479,88a8100c25fffff,207,152,29,26,26.57,4.53
615446140136980479,88a8100f13fffff,207,156,29,22,24.64,4.53
615446139883225087,88a8100e21fffff,207,151,27,29,27.05,4.58
615446137463111679,88a810051dfffff,205,158,27,20,22.93,4.59
615446140145369087,88a8100f1bfffff,200,129,32,39,35.5,4.55
615446139493154815,88a8100cadfffff,199,145,24,30,27.14,4.54
615446139795144703,88a8100dcdfffff,193,134,29,30,30.57,4.56
615446137505054719,88a8100545fffff,191,140,32,19,26.7,4.56
615446139803533311,88a8100dd5fffff,189,128,29,32,32.28,4.61
615446139927265279,88a8100e4bfffff,185,136,27,22,26.49,4.52
615446139862253567,88a8100e0dfffff,183,129,25,29,29.51,4.51
615446139457503231,88a8100c8bfffff,183,141,23,19,22.95,4.61
615446139447017471,88a8100c81fffff,177,123,25,29,30.51,4.54
615446139675607039,88a8100d5bfffff,176,133,21,22,24.43,4.5
615446137450528767,88a8100511fffff,176,130,23,23,26.14,4.59
615446139426045951,88a8100c6dfffff,176,117,28,31,33.52,4.58
615446137677021183,88a81005e9fffff,175,124,24,27,29.14,4.55
615446139891613695,88a8100e29fffff,171,124,28,19,27.49,4.62
615446139805630463,88a8100dd7fffff,170,114,26,30,32.94,4.63
615446136248860671,88a8100097fffff,170,119,22,29,30.0,4.6
615446139533000703,88a8100cd3fffff,169,110,31,28,34.91,4.64
615446152032026623,88a8103b63fffff,167,122,22,23,26.95,4.6
615446136286609407,88a81000bbfffff,166,112,28,26,32.53,4.49
615446139537195007,88a8100cd7fffff,166,119,27,20,28.31,4.61
615446139801436159,88a8100dd3fffff,163,107,25,31,34.36,4.58
615446151996375039,88a8103b41fffff,162,109,27,26,32.72,4.62
615446139417657343,88a8100c65fffff,161,112,22,27,30.43,4.58
615446136276123647,88a81000b1fffff,160,115,15,30,28.13,4.63
615446139923070975,88a8100e47fffff,159,117,24,18,26.42,4.52
615446139608498175,88a8100d1bfffff,157,106,23,28,32.48,4.57
615446152002666495,88a8103b47fffff,156,119,15,22,23.72,4.61
615446137500860415,88a8100541fffff,155,106,25,24,31.61,4.53
615446139667218431,88a8100d53fffff,154,99,28,27,35.71,4.54
615446137521831935,88a8100555fffff,151,99,23,29,34.44,4.56
615446137502957567,88a8100543fffff,149,104,22,23,30.2,4.54
615446137670729727,88a81005e3fffff,148,97,29,22,34.46,4.57
615446139788853247,88a8100dc7fffff,147,112,24,11,23.81,4.54
615446152004763647,88a8103b49fffff,145,89,22,34,38.62,4.55
615446137603620863,88a81005a3fffff,144,99,29,16,31.25,4.49
615446136244666367,88a8100093fffff,143,97,20,26,32.17,4.57
615446139952431103,88a8100e63fffff,143,91,20,32,36.36,4.57
615446140141174783,88a8100f17fffff,138,82,24,32,40.58,4.61
615446151975403519,88a8103b2dfffff,134,96,15,23,28.36,4.49
615446139723841535,88a8100d89fffff,133,85,22,26,36.09,4.6
615446140134883327,88a8100f11fffff,133,94,18,21,29.32,4.57
615446139887419391,88a8100e25fffff,131,88,18,25,32.82,4.55
615446151941849087,88a8103b0dfffff,130,85,23,22,34.62,4.61
615446139786756095,88a8100dc5fffff,129,87,23,19,32.56,4.54
615446137523929087,88a8100557fffff,129,96,22,11,25.58,4.59
615446151971209215,88a8103b29fffff,127,88,30,9,30.71,4.55
615446139606401023,88a8100d19fffff,127,90,23,14,29.13,4.49
615446137612009471,88a81005abfffff,126,94,17,15,25.4,4.6
615446139480571903,88a8100ca1fffff,126,92,14,20,26.98,4.54
615446137513443327,88a810054dfffff,126,95,17,14,24.6,4.56
615446136280317951,88a81000b5fffff,119,85,16,18,28.57,4.56
615446139600109567,88a8100d13fffff,117,80,22,15,31.62,4.47
615446137452625919,88a8100513fffff,115,78,19,18,32.17,4.62
615446137458917375,88a8100519fffff,115,84,14,17,26.96,4.64
615446139491057663,88a8100cabfffff,115,76,18,21,33.91,4.54
615446136284512255,88a81000b9fffff,114,80,19,15,29.82,4.55
615446139895807999,88a8100e2dfffff,113,76,22,15,32.74,4.54
615446136246763519,88a8100095fffff,111,79,15,17,28.83,4.47
615446139449114623,88a8100c83fffff,108,82,12,14,24.07,4.57
615446136242569215,88a8100091fffff,107,69,12,26,35.51,4.54
615446139453308927,88a8100c87fffff,107,64,20,23,40.19,4.51
615446137622495231,88a81005b5fffff,107,70,22,15,34.58,4.54
615446139916779519,88a8100e41fffff,106,77,13,16,27.36,4.56
615446137679118335,88a81005ebfffff,106,75,18,13,29.25,4.64
615446139960819711,88a8100e6bfffff,104,70,18,16,32.69,4.64
615446140170534911,88a8100f33fffff,103,75,13,15,27.18,4.53
615446139484766207,88a8100ca5fffff,103,79,12,12,23.3,4.61
615446137511346175,88a810054bfffff,101,72,16,13,28.71,4.54
615446140178923519,88a8100f3bfffff,100,76,12,12,24.0,4.57
615446139740618751,88a8100d99fffff,100,74,14,12,26.0,4.6
615446137461014527,88a810051bfffff,98,67,12,19,31.63,4.6
615446136253054975,88a810009bfffff,97,60,24,13,38.14,4.56
615446137639272447,88a81005c5fffff,97,60,13,24,38.14,4.51
615446139665121279,88a8100d51fffff,97,66,17,14,31.96,4.55
615446139925168127,88a8100e49fffff,96,73,14,9,23.96,4.52
615446139725938687,88a8100d8bfffff,95,64,16,15,32.63,4.62
615446137530220543,88a810055dfffff,95,62,16,17,34.74,4.53
615446139826601983,88a8100debfffff,95,67,16,12,29.47,4.64
615446139472183295,88a8100c99fffff,94,68,15,11,27.66,4.57
615446139673509887,88a8100d59fffff,90,62,14,14,31.11,4.5
615446140143271935,88a8100f19fffff,90,68,11,11,24.44,4.54
615446152006860799,88a8103b4bfffff,88,66,13,9,25.0,4.51
615446151998472191,88a8103b43fffff,86,56,17,13,34.88,4.53
615446137572163583,88a8100585fffff,86,59,12,15,31.4,4.47
615446151962820607,88a8103b21fffff,86,62,13,11,27.91,4.57
615446139476377599,88a8100c9dfffff,86,59,12,15,31.4,4.6
615446151933460479,88a8103b05fffff,84,66,7,11,21.43,4.54
615446137517637631,88a8100551fffff,83,59,13,11,28.92,4.57
615446151967014911,88a8103b25fffff,83,64,7,12,22.89,4.62
615446136288706559,88a81000bdfffff,81,55,14,12,32.1,4.58
615446137509249023,88a8100549fffff,80,56,11,13,30.0,4.62
615446137519734783,88a8100553fffff,80,53,12,15,33.75,4.61
615446151937654783,88a8103b09fffff,79,54,12,13,31.65,4.57
615446137630883839,88a81005bdfffff,76,54,14,8,28.95,4.51
615446139742715903,88a8100d9bfffff,74,54,10,10,27.03,4.59
615446139956625407,88a8100e67fffff,74,46,15,13,37.84,4.56
615446139744813055,88a8100d9dfffff,73,59,7,7,19.18,4.53
615446139920973823,88a8100e45fffff,73,55,6,12,24.66,4.52
615446137203064831,88a8100425fffff,70,47,12,11,32.86,4.6
615446139598012415,88a8100d11fffff,69,49,10,10,28.99,4.52
615446137580552191,88a810058dfffff,69,46,10,13,33.33,4.55
615446139715452927,88a8100d81fffff,68,47,10,11,30.88,4.54
615446140139077631,88a8100f15fffff,68,53,8,7,22.06,4.59
615446139728035839,88a8100d8dfffff,68,50,12,6,26.47,4.55
615446151929266175,88a8103b01fffff,67,46,12,9,31.34,4.48
615446136261443583,88a81000a3fffff,67,46,10,11,31.34,4.61
615446139482669055,88a8100ca3fffff,65,48,10,7,26.15,4.63
615446139463794687,88a8100c91fffff,65,50,7,8,23.08,4.57
615446136232083455,88a8100087fffff,65,52,6,7,20.0,4.55
615446139950333951,88a8100e61fffff,65,44,8,13,32.31,4.53
615446139509932031,88a8100cbdfffff,64,48,8,8,25.0,4.61
615446137574260735,88a8100587fffff,64,46,4,14,28.13,4.48
615446140204089343,88a8100f53fffff,63,46,9,8,26.98,4.63
615446139824504831,88a8100de9fffff,63,47,4,12,25.4,4.53
615446139671412735,88a8100d57fffff,62,36,11,15,41.94,4.6
615446139929362431,88a8100e4dfffff,60,33,11,16,45.0,4.6
615446140147466239,88a8100f1dfffff,60,40,11,9,33.33,4.59
615446139604303871,88a8100d17fffff,59,41,12,6,30.51,4.61
615446139486863359,88a8100ca7fffff,58,40,6,12,31.03,4.57
615446152025735167,88a8103b5dfffff,57,43,6,8,24.56,4.57
615446136227889151,88a8100083fffff,57,39,11,7,31.58,4.56
615446136250957823,88a8100099fffff,57,37,12,8,35.09,4.61
615446138010468351,88a8100727fffff,57,46,8,3,19.3,4.52
615446139467988991,88a8100c95fffff,54,38,9,7,29.63,4.53
615446139732230143,88a8100d91fffff,54,36,10,8,33.33,4.65
615446137641369599,88a81005c7fffff,54,36,5,13,33.33,4.56
615446140212477951,88a8100f5bfffff,54,36,10,8,33.33,4.66
615446137624592383,88a81005b7fffff,53,40,8,5,24.53,4.5
615446151969112063,88a8103b27fffff,53,39,9,5,26.42,4.58
615446137647661055,88a81005cdfffff,52,39,6,7,25.0,4.52
615446139610595327,88a8100d1dfffff,50,39,5,6,22.0,4.63
615446151973306367,88a8103b2bfffff,50,35,9,6,30.0,4.64
615446137618300927,88a81005b1fffff,50,35,8,7,30.0,4.61
615446139505737727,88a8100cb9fffff,49,34,7,8,30.61,4.56
615446137567969279,88a8100581fffff,49,35,6,8,28.57,4.55
615446140168437759,88a8100f31fffff,49,34,8,7,30.61,4.51
615446139719647231,88a8100d85fffff,48,38,5,5,20.83,4.54
615446152017346559,88a8103b55fffff,48,34,7,7,29.17,4.45
615446137528123391,88a810055bfffff,48,34,2,12,29.17,4.52
615446138027245567,88a8100737fffff,47,30,8,9,36.17,4.5
615446136269832191,88a81000abfffff,47,44,1,2,6.38,4.55
615446151935557631,88a8103b07fffff,47,32,7,8,31.91,4.62
615446139717550079,88a8100d83fffff,46,32,10,4,30.43,4.53
615446140174729215,88a8100f37fffff,46,32,6,8,30.43,4.57
615446137526026239,88a8100559fffff,46,29,11,6,36.96,4.57
615446138006274047,88a8100723fffff,46,32,5,9,30.43,4.56
615446138004176895,88a8100721fffff,45,31,7,7,31.11,4.64
615446139669315583,88a8100d55fffff,43,28,8,7,34.88,4.54
615446139677704191,88a8100d5dfffff,43,28,8,7,34.88,4.58
615446138008371199,88a8100725fffff,42,30,9,3,28.57,4.62
615446136255152127,88a810009dfffff,42,30,6,6,28.57,4.53
615446139958722559,88a8100e69fffff,41,27,6,8,34.15,4.56
615446137205161983,88a8100427fffff,41,32,4,5,21.95,4.61
615446139721744383,88a8100d87fffff,40,27,7,6,32.5,4.74
615446138025148415,88a8100735fffff,39,28,6,5,28.21,4.6
615446140208283647,88a8100f57fffff,39,23,7,9,41.03,4.7
615446139818213375,88a8100de3fffff,39,30,5,4,23.08,4.61
615446139474280447,88a8100c9bfffff,39,19,13,7,51.28,4.65
615446139734327295,88a8100d93fffff,39,29,4,6,25.64,4.69
615446139736424447,88a8100d95fffff,38,26,9,3,31.58,4.62
615446136265637887,88a81000a7fffff,37,29,3,5,21.62,4.6
615446151939751935,88a8103b0bfffff,35,27,4,4,22.86,4.55
615446151964917759,88a8103b23fffff,34,20,5,9,41.18,4.56
615446137635078143,88a81005c1fffff,33,26,6,1,21.21,4.58
615446139602206719,88a8100d15fffff,33,21,5,7,36.36,4.52
615446139501543423,88a8100cb5fffff,33,20,9,4,39.39,4.6
615446136229986303,88a8100085fffff,32,26,2,4,18.75,4.61
615446137576357887,88a8100589fffff,32,25,2,5,21.88,4.54
615446139465891839,88a8100c93fffff,32,23,5,4,28.13,4.6
615446140176826367,88a8100f39fffff,32,25,3,4,21.88,4.51
615446136236277759,88a810008bfffff,32,23,2,7,28.13,4.66
615446139642052607,88a8100d3bfffff,31,19,5,7,38.71,4.71
615446137211453439,88a810042dfffff,31,22,6,3,29.03,4.61
615446136521490431,88a810019bfffff,31,25,4,2,19.35,4.61
615446167842455551,88a8107649fffff,30,21,7,2,30.0,4.55
615446139954528255,88a8100e65fffff,30,26,1,3,13.33,4.61
615446136513101823,88a8100193fffff,30,21,4,5,30.0,4.65
615446139816116223,88a8100de1fffff,29,22,4,3,24.14,4.59
615446152021540863,88a8103b59fffff,29,19,4,6,34.48,4.49
615446140120203263,88a8100f03fffff,29,18,6,5,37.93,4.67
615446151992180735,88a8103b3dfffff,28,24,3,1,14.29,4.54
615446137626689535,88a81005b9fffff,28,20,3,5,28.57,4.67
615446139497349119,88a8100cb1fffff,28,16,5,7,42.86,4.34
615446139962916863,88a8100e6dfffff,27,18,3,6,33.33,4.61
615446140201992191,88a8100f51fffff,26,21,4,1,19.23,4.67
615446139583332351,88a8100d03fffff,26,16,7,3,38.46,4.61
615446139759493119,88a8100dabfffff,26,23,3,0,11.54,4.61
615446140181020671,88a8100f3dfffff,25,16,3,6,36.0,4.66
615446138023051263,88a8100733fffff,25,14,9,2,44.0,4.58
615446139507834879,88a8100cbbfffff,25,20,2,3,20.0,4.71
615446136259346431,88a81000a1fffff,25,18,3,4,28.0,4.61
615446167846649855,88a810764dfffff,25,14,3,8,44.0,4.58
615446136315969535,88a81000d7fffff,24,18,0,6,25.0,4.6
615446138033537023,88a810073dfffff,24,18,0,6,25.0,4.49
615446139591720959,88a8100d0bfffff,24,21,3,0,12.5,4.51
615446139828699135,88a8100dedfffff,24,21,1,2,12.5,4.58
615446151472087039,88a810394dfffff,24,21,1,2,12.5,4.61
615446137570066431,88a8100583fffff,23,14,4,5,39.13,4.49
615446151931363327,88a8103b03fffff,23,16,5,2,30.43,4.46
615446136311775231,88a81000d3fffff,22,12,6,4,45.45,4.56
615446137620398079,88a81005b3fffff,22,14,3,5,36.36,4.51
615446139822407679,88a8100de7fffff,22,19,1,2,13.64,4.65
615446137637175295,88a81005c3fffff,22,12,4,6,45.45,4.57
615446151983792127,88a8103b35fffff,22,18,0,4,18.18,4.68
615446152013152255,88a8103b51fffff,22,13,3,6,40.91,4.62
615446140172632063,88a8100f35fffff,22,14,5,3,36.36,4.6
615446140128591871,88a8100f0bfffff,21,12,6,3,42.86,4.58
615446138014662655,88a810072bfffff,21,14,3,4,33.33,4.48
615446151987986431,88a8103b39fffff,20,13,5,2,35.0,4.65
615446138016759807,88a810072dfffff,20,13,4,3,35.0,4.44
615446139639955455,88a8100d39fffff,19,14,2,3,26.32,4.52
615446137656049663,88a81005d5fffff,19,12,1,6,36.84,4.77
615446139658829823,88a8100d4bfffff,19,13,1,5,31.58,4.65
615446136225791999,88a8100081fffff,18,10,3,5,44.44,4.38
615446167834066943,88a8107641fffff,18,15,2,1,16.67,4.62
615446139650441215,88a8100d43fffff,18,14,2,2,22.22,4.53
615446167838261247,88a8107645fffff,18,12,4,2,33.33,4.69
615446137270173695,88a8100465fffff,18,15,2,1,16.67,4.61
615446151467892735,88a8103949fffff,18,11,3,4,38.89,4.58
615446139470086143,88a8100c97fffff,17,12,2,3,29.41,4.58
615446136263540735,88a81000a5fffff,17,12,2,3,29.41,4.71
615446139738521599,88a8100d97fffff,17,12,1,4,29.41,4.58
615446139589623807,88a8100d09fffff,17,13,3,1,23.53,4.34
615446137643466751,88a81005c9fffff,17,11,2,4,35.29,4.53
615446137578455039,88a810058bfffff,17,9,4,4,47.06,4.64
615446136517296127,88a8100197fffff,17,12,0,5,29.41,4.75
615446138012565503,88a8100729fffff,16,12,2,2,25.0,4.57
615446138020954111,88a8100731fffff,16,10,5,1,37.5,4.46
615446140124397567,88a8100f07fffff,16,11,4,1,31.25,4.69
615446139633663999,88a8100d33fffff,16,10,4,2,37.5,4.5
615446137198870527,88a8100421fffff,16,15,1,0,6.25,4.55
615446137597329407,88a810059dfffff,16,6,4,6,62.5,4.52
615446151950237695,88a8103b15fffff,16,12,4,0,25.0,4.63
615446137628786687,88a81005bbfffff,16,13,1,2,18.75,4.45
615446151505641471,88a810396dfffff,15,10,3,2,33.33,4.67
615446139778367487,88a8100dbdfffff,15,8,4,3,46.67,4.75
615446140162146303,88a8100f2bfffff,15,10,4,1,33.33,4.5
615446139774173183,88a8100db9fffff,15,11,3,1,26.67,4.49
615446139757395967,88a8100da9fffff,14,9,3,2,35.71,4.48
615446136511004671,88a8100191fffff,14,9,2,3,35.71,4.66
615446139656732671,88a8100d49fffff,14,11,0,3,21.43,4.54
615446136267735039,88a81000a9fffff,14,9,1,4,35.71,4.57
615446139776270335,88a8100dbbfffff,14,11,1,2,21.43,4.41
615446167844552703,88a810764bfffff,14,9,3,2,35.71,4.56
615446136546656255,88a81001b3fffff,14,11,1,2,21.43,4.53
615446138031439871,88a810073bfffff,14,9,4,1,35.71,4.57
615446136313872383,88a81000d5fffff,14,7,4,3,50.0,4.43
615446140210380799,88a8100f59fffff,13,8,3,2,38.46,4.6
615446136238374911,88a810008dfffff,13,9,2,2,30.77,4.39
615446151958626303,88a8103b1dfffff,13,12,0,1,7.69,4.67
615446151765688319,88a8103a65fffff,13,11,1,1,15.38,4.35
615446136328552447,88a81000e3fffff,13,10,1,2,23.08,4.5
615446152023638015,88a8103b5bfffff,13,8,0,5,38.46,4.84
615446139499446271,88a8100cb3fffff,12,8,2,2,33.33,4.32
615446151774076927,88a8103a6dfffff,12,6,4,2,50.0,4.63
615446139648344063,88a8100d41fffff,12,6,2,4,50.0,4.18
615446166921805823,88a81072dbfffff,12,8,1,3,33.33,4.68
615446137588940799,88a8100595fffff,12,7,3,2,41.67,4.71
615446151954431999,88a8103b19fffff,12,9,2,1,25.0,4.54
615446136234180607,88a8100089fffff,12,6,2,4,50.0,4.85
615446137200967679,88a8100423fffff,11,7,1,3,36.36,4.51
615446137272270847,88a8100467fffff,11,9,2,0,18.18,4.61
615446140118106111,88a8100f01fffff,11,7,0,4,36.36,4.74
615446140206186495,88a8100f55fffff,11,6,2,3,45.45,4.83
615446139581235199,88a8100d01fffff,11,10,1,0,9.09,4.55
615446139820310527,88a8100de5fffff,11,5,1,5,54.55,4.72
615446140153757695,88a8100f23fffff,11,5,3,3,54.55,4.54
615446167876009983,88a8107669fffff,11,10,0,1,9.09,4.35
615446137976913919,88a8100707fffff,10,10,0,0,0.0,4.54
615446151985889279,88a8103b37fffff,10,8,1,1,20.0,4.43
615446137664438271,88a81005ddfffff,10,8,0,2,20.0,4.64
615446139761590271,88a8100dadfffff,10,6,2,2,40.0,4.55
615446139503640575,88a8100cb7fffff,10,7,2,1,30.0,4.49
615446136271929343,88a81000adfffff,10,8,1,1,20.0,4.8
615446137207259135,88a8100429fffff,10,7,1,2,30.0,4.43
615446139769978879,88a8100db5fffff,10,4,4,2,60.0,4.68
615446139587526655,88a8100d07fffff,10,7,3,0,30.0,4.7
615446139765784575,88a8100db1fffff,10,9,1,0,10.0,4.54
615446136299192319,88a81000c7fffff,9,7,0,2,22.22,4.19
615446152015249407,88a8103b53fffff,9,7,0,2,22.22,4.53
615446137658146815,88a81005d7fffff,9,7,0,2,22.22,4.51
615446136555044863,88a81001bbfffff,9,4,3,2,55.56,4.7
615446151501447167,88a8103969fffff,9,8,0,1,11.11,4.8
615446139751104511,88a8100da3fffff,9,7,1,1,22.22,4.3
615446136309678079,88a81000d1fffff,9,7,2,0,22.22,4.59
615446167880204287,88a810766dfffff,8,5,1,2,37.5,4.4
615446136318066687,88a81000d9fffff,8,5,1,2,37.5,4.58
615446151463698431,88a8103945fffff,8,6,2,0,25.0,4.55
615446137651855359,88a81005d1fffff,8,6,0,2,25.0,4.5
615446151493058559,88a8103961fffff,8,5,3,0,37.5,4.38
615446139767881727,88a8100db3fffff,8,6,1,1,25.0,4.58
615446137645563903,88a81005cbfffff,8,6,0,2,25.0,4.48
615446167863427071,88a810765dfffff,8,7,0,1,12.5,4.73
615446140214575103,88a8100f5dfffff,8,3,3,2,62.5,4.5
615446140130689023,88a8100f0dfffff,8,6,1,1,25.0,4.75
615446136519393279,88a8100199fffff,8,5,2,1,37.5,4.6
615446138077577215,88a8100767fffff,7,4,2,1,42.86,4.47
615446137974816767,88a8100705fffff,7,5,2,0,28.57,4.62
615446166919708671,88a81072d9fffff,7,6,1,0,14.29,4.7
615446140126494719,88a8100f09fffff,7,3,2,2,57.14,4.43
615446151459504127,88a8103941fffff,7,4,3,0,42.86,4.47
615446152019443711,88a8103b57fffff,7,5,1,1,28.57,4.54
615446139637858303,88a8100d37fffff,7,6,1,0,14.29,4.87
615446138029342719,88a8100739fffff,7,3,1,3,57.14,4.37
615446139631566847,88a8100d31fffff,7,6,1,0,14.29,4.6
615446137209356287,88a810042bfffff,7,4,0,3,42.86,4.58
615446137228230655,88a810043dfffff,6,3,2,1,50.0,4.53
615446136322260991,88a81000ddfffff,6,5,0,1,16.67,4.56
615446136320163839,88a81000dbfffff,6,3,2,1,50.0,4.5
615446137278562303,88a810046dfffff,6,2,2,2,66.67,5.0
615446139755298815,88a8100da7fffff,6,4,0,2,33.33,4.25
615446137219842047,88a8100435fffff,6,4,2,0,33.33,4.8
615446151952334847,88a8103b17fffff,6,4,1,1,33.33,4.75
615446137274367999,88a8100469fffff,6,4,1,1,33.33,4.55
615446151990083583,88a8103b3bfffff,6,3,1,2,50.0,4.43
615446138071285759,88a8100761fffff,6,5,1,0,16.67,4.54
615446139654635519,88a8100d47fffff,6,3,2,1,50.0,4.37
615446136294998015,88a81000c3fffff,6,3,3,0,50.0,4.4
615446151979597823,88a8103b31fffff,6,6,0,0,0.0,4.43
615446151503544319,88a810396bfffff,6,5,0,1,16.67,4.62
615446167878107135,88a810766bfffff,5,5,0,0,0.0,4.48
615446140187312127,88a8100f43fffff,5,5,0,0,0.0,4.2
615446151465795583,88a8103947fffff,5,3,0,2,40.0,4.53
615446151981694975,88a8103b33fffff,5,4,0,1,20.0,4.45
615446151946043391,88a8103b11fffff,5,4,1,0,20.0,4.63
615446136584404991,88a81001d7fffff,5,0,1,4,100.0,
615446151469989887,88a810394bfffff,5,3,0,2,40.0,4.53
615446137215647743,88a8100431fffff,5,5,0,0,0.0,4.6
615446136523587583,88a810019dfffff,5,3,1,1,40.0,4.5
615446137265979391,88a8100461fffff,4,3,1,0,25.0,4.7
615446136326455295,88a81000e1fffff,4,3,1,0,25.0,4.67
615446151706968063,88a8103a2dfffff,4,3,1,0,25.0,4.5
615446139585429503,88a8100d05fffff,4,3,1,0,25.0,4.23
615446167871815679,88a8107665fffff,4,2,0,2,50.0,4.55
615446137991593983,88a8100715fffff,4,4,0,0,0.0,4.72
615446136515198975,88a8100195fffff,4,3,1,0,25.0,4.77
615446139593818111,88a8100d0dfffff,4,2,1,1,50.0,4.55
615446167840358399,88a8107647fffff,4,4,0,0,0.0,4.9
615446137987399679,88a8100711fffff,4,3,1,0,25.0,4.5
615446136544559103,88a81001b1fffff,4,4,0,0,0.0,4.55
615446140122300415,88a8100f05fffff,4,3,1,0,25.0,4.27
615446138075480063,88a8100765fffff,4,3,0,1,25.0,4.4
615446151497252863,88a8103965fffff,4,1,2,1,75.0,3.9
615446136819286015,88a81002b7fffff,4,4,0,0,0.0,4.57
615446151767785471,88a8103a67fffff,4,2,0,2,50.0,4.55
615446139652538367,88a8100d45fffff,4,2,0,2,50.0,4.7
615446139749007359,88a8100da1fffff,4,2,1,1,50.0,4.6
615446167859232767,88a8107659fffff,4,3,1,0,25.0,4.63
615446137221939199,88a8100437fffff,4,2,2,0,50.0,4.45
615446140151660543,88a8100f21fffff,4,2,2,0,50.0,4.6
615446136336941055,88a81000ebfffff,4,4,0,0,0.0,4.52
615446139753201663,88a8100da5fffff,3,1,0,2,66.67,5.0
615446167766958079,88a8107601fffff,3,2,1,0,33.33,4.6
615446136812994559,88a81002b1fffff,3,1,1,1,66.67,4.8
615446166917611519,88a81072d7fffff,3,3,0,0,0.0,4.3
615446136550850559,88a81001b7fffff,3,3,0,0,0.0,4.73
615446137972719615,88a8100703fffff,3,3,0,0,0.0,4.8
615446137584746495,88a8100591fffff,3,3,0,0,0.0,4.63
615446136580210687,88a81001d3fffff,3,1,1,1,66.67,4.1
615446137586843647,88a8100593fffff,3,3,0,0,0.0,4.83
615446151461601279,88a8103943fffff,3,2,1,0,33.33,4.85
615446166923902975,88a81072ddfffff,3,0,3,0,100.0,
615446137224036351,88a8100439fffff,3,3,0,0,0.0,4.53
615446136815091711,88a81002b3fffff,3,2,0,1,33.33,4.85
615446139644149759,88a8100d3dfffff,3,2,0,1,33.33,3.95
615446151761494015,88a8103a61fffff,3,0,1,2,100.0,
615446139772076031,88a8100db7fffff,3,0,1,2,100.0,
615446140195700735,88a8100f4bfffff,3,1,1,1,66.67,4.5
615446137979011071,88a8100709fffff,3,3,0,0,0.0,4.7
615446166911320063,88a81072d1fffff,3,1,1,1,66.67,5.0
615446151203651583,88a810384dfffff,3,2,0,1,33.33,4.9
615446137660243967,88a81005d9fffff,3,2,1,0,33.33,4.55
615446136292900863,88a81000c1fffff,3,2,1,0,33.33,4.6
615446167867621375,88a8107661fffff,3,3,0,0,0.0,4.43
615446151948140543,88a8103b13fffff,3,2,1,0,33.33,4.55
615446151698579455,88a8103a25fffff,3,2,0,1,33.33,4.0
615446137165316095,88a8100401fffff,3,2,0,1,33.33,4.15
615446137268076543,88a8100463fffff,3,2,1,0,33.33,4.55
615446139635761151,88a8100d35fffff,3,1,0,2,66.67,4.8
615446136548753407,88a81001b5fffff,3,2,1,0,33.33,4.75
615446167850844159,88a8107651fffff,3,3,0,0,0.0,4.8
615446151769882623,88a8103a69fffff,3,3,0,0,0.0,4.83
615446140160049151,88a8100f29fffff,3,1,0,2,66.67,4.3
615446137993691135,88a8100717fffff,2,2,0,0,0.0,4.55
615446140189409279,88a8100f45fffff,2,1,1,0,50.0,4.0
615446166854696959,88a810729bfffff,2,1,1,0,50.0,4.0
615446151763591167,88a8103a63fffff,2,1,1,0,50.0,4.9
615446139660926975,88a8100d4dfffff,2,0,1,1,100.0,
615446151700676607,88a8103a27fffff,2,2,0,0,0.0,4.95
615446168129765375,88a810775bfffff,2,1,0,1,50.0,4.1
615446151956529151,88a8103b1bfffff,2,2,0,0,0.0,4.4
615446139621081087,88a8100d27fffff,2,1,1,0,50.0,4.6
615446136552947711,88a81001b9fffff,2,1,0,1,50.0,4.1
615446137593135103,88a8100599fffff,2,2,0,0,0.0,4.6
615446167855038463,88a8107655fffff,2,2,0,0,0.0,4.15
615446151740522495,88a8103a4dfffff,2,1,1,0,50.0,4.6
615446167869718527,88a8107663fffff,2,1,0,1,50.0,4.1
615446137653952511,88a81005d3fffff,2,1,0,1,50.0,4.9
615446151400783871,88a8103909fffff,2,2,0,0,0.0,4.65
615446140157951999,88a8100f27fffff,2,2,0,0,0.0,4.35
615446136588599295,88a81001dbfffff,2,1,1,0,50.0,4.7
615446136332746751,88a81000e7fffff,2,1,1,0,50.0,4.6
615446168112988159,88a810774bfffff,2,1,1,0,50.0,4.3
615446139616886783,88a8100d23fffff,2,0,1,1,100.0,
615446151224623103,88a8103861fffff,2,1,1,0,50.0,5.0
615446140220866559,88a8100f63fffff,2,1,1,0,50.0,4.8
615446167861329919,88a810765bfffff,2,1,0,1,50.0,3.6
615446151438532607,88a810392dfffff,2,1,1,0,50.0,5.0
615446140191506431,88a8100f47fffff,2,2,0,0,0.0,4.2
615446151499350015,88a8103967fffff,2,1,0,1,50.0,4.4
615446168115085311,88a810774dfffff,2,2,0,0,0.0,4.6
615446136305483775,88a81000cdfffff,2,2,0,0,0.0,4.8
615446138083868671,88a810076dfffff,2,1,0,1,50.0,4.4
615446137662341119,88a81005dbfffff,2,2,0,0,0.0,3.9
615446136582307839,88a81001d5fffff,2,2,0,0,0.0,4.6
615446167777443839,88a810760bfffff,2,0,0,2,100.0,
615446151694385151,88a8103a21fffff,2,2,0,0,0.0,4.65
615446137999982591,88a810071dfffff,2,1,0,1,50.0,4.5
615446136303386623,88a81000cbfffff,2,2,0,0,0.0,4.95
615446167857135615,88a8107657fffff,2,2,0,0,0.0,4.35
615446151396589567,88a8103905fffff,2,0,0,2,100.0,
615446166913417215,88a81072d3fffff,2,2,0,0,0.0,4.8
615446138400538623,88a810089bfffff,2,2,0,0,0.0,4.65
615446168110891007,88a8107749fffff,2,2,0,0,0.0,4.2
615446137169510399,88a8100405fffff,2,0,1,1,100.0,
615446151480475647,88a8103955fffff,2,1,1,0,50.0,4.2
615446137983205375,88a810070dfffff,1,0,0,1,100.0,
615446136817188863,88a81002b5fffff,1,1,0,0,0.0,4.3
615446140229255167,88a8100f6bfffff,1,1,0,0,0.0,4.2
615446136789925887,88a810029bfffff,1,1,0,0,0.0,4.9
615446136557142015,88a81001bdfffff,1,1,0,0,0.0,3.9
615446137595232255,88a810059bfffff,1,1,0,0,0.0,4.4
615446137167413247,88a8100403fffff,1,1,0,0,0.0,4.2
615446136538267647,88a81001abfffff,1,0,1,0,100.0,
615446168060559359,88a8107719fffff,1,1,0,0,0.0,5.0
615446136531976191,88a81001a5fffff,1,1,0,0,0.0,4.8
615446137171607551,88a8100407fffff,1,1,0,0,0.0,4.6
615446167800512511,88a8107621fffff,1,1,0,0,0.0,4.5
615446137245007871,88a810044dfffff,1,1,0,0,0.0,4.6
615446168144445439,88a8107769fffff,1,1,0,0,0.0,5.0
615446139625275391,88a8100d2bfffff,1,1,0,0,0.0,4.3
615446151484669951,88a8103959fffff,1,1,0,0,0.0,4.9
615446139681898495,88a8100d61fffff,1,1,0,0,0.0,4.7
615446168104599551,88a8107743fffff,1,0,1,0,100.0,
615446136339038207,88a81000edfffff,1,1,0,0,0.0,4.5
615446138390052863,88a8100891fffff,1,1,0,0,0.0,3.6
615446151482572799,88a8103957fffff,1,1,0,0,0.0,4.7
615446151228817407,88a8103865fffff,1,1,0,0,0.0,4.7
615446167836164095,88a8107643fffff,1,1,0,0,0.0,4.9
615446151488864255,88a810395dfffff,1,1,0,0,0.0,4.5
615446137406488575,88a81004e7fffff,1,1,0,0,0.0,4.6
615446167813095423,88a810762dfffff,1,0,0,1,100.0,
615446151486767103,88a810395bfffff,1,1,0,0,0.0,4.3
615446138396344319,88a8100897fffff,1,0,1,0,100.0,
615446167771152383,88a8107605fffff,1,0,1,0,100.0,
615446136823480319,88a81002bbfffff,1,1,0,0,0.0,4.7
615446151495155711,88a8103963fffff,1,1,0,0,0.0,4.8
615446136330649599,88a81000e5fffff,1,1,0,0,0.0,5.0
615446137238716415,88a8100447fffff,1,0,1,0,100.0,
615446168106696703,88a8107745fffff,1,1,0,0,0.0,4.1
615446139618983935,88a8100d25fffff,1,1,0,0,0.0,4.7
615446137379225599,88a81004cdfffff,1,0,0,1,100.0,
615446151237206015,88a810386dfffff,1,0,0,1,100.0,
615446137970622463,88a8100701fffff,1,0,0,1,100.0,
615446136301289471,88a81000c9fffff,1,0,1,0,100.0,
615446136796217343,88a81002a1fffff,1,1,0,0,0.0,4.4
615446137412780031,88a81004edfffff,1,1,0,0,0.0,5.0
615446136110448639,88a8100013fffff,1,0,0,1,100.0,
615446151235108863,88a810386bfffff,1,1,0,0,0.0,4.4
615446136534073343,88a81001a7fffff,1,0,1,0,100.0,
615446137276465151,88a810046bfffff,1,0,0,1,100.0,
615446151404978175,88a810390dfffff,1,0,0,1,100.0,
615446138054508543,88a8100751fffff,1,1,0,0,0.0,4.6
615446137175801855,88a810040bfffff,1,1,0,0,0.0,4.4
615446138060799999,88a8100757fffff,1,1,0,0,0.0,4.3
615446136500518911,88a8100187fffff,1,1,0,0,0.0,4.8
615446166852599807,88a8107299fffff,1,0,0,1,100.0,
615446166837919743,88a810728bfffff,1,1,0,0,0.0,5.0
615446151704870911,88a8103a2bfffff,1,1,0,0,0.0,4.7
615446138073382911,88a8100763fffff,1,0,1,0,100.0,
615446136578113535,88a81001d1fffff,1,0,0,1,100.0,
615446167825678335,88a8107639fffff,1,1,0,0,0.0,4.2
615446136502616063,88a8100189fffff,1,0,0,1,100.0,
615446151230914559,88a8103867fffff,1,1,0,0,0.0,5.0
615446140193603583,88a8100f49fffff,1,1,0,0,0.0,4.1
615446168119279615,88a8107751fffff,1,1,0,0,0.0,3.8
615446137735741439,88a8100621fffff,1,1,0,0,0.0,4.6
615446139690287103,88a8100d69fffff,1,1,0,0,0.0,4.2
615446166905028607,88a81072cbfffff,1,1,0,0,0.0,4.6
615446166915514367,88a81072d5fffff,1,1,0,0,0.0,5.0
615446136144003071,88a8100033fffff,1,1,0,0,0.0,5.0
615446151197360127,88a8103847fffff,1,1,0,0,0.0,5.0
615446137404391423,88a81004e5fffff,1,1,0,0,0.0,4.3
615446136146100223,88a8100035fffff,1,1,0,0,0.0,4.8
615446151732133887,88a8103a45fffff,1,1,0,0,0.0,5.0
615446167852941311,88a8107653fffff,1,1,0,0,0.0,4.3
615446139683995647,88a8100d63fffff,1,0,1,0,100.0,
615446136783634431,88a8100295fffff,1,1,0,0,0.0,4.0
615446137232424959,88a8100441fffff,1,1,0,0,0.0,5.0
615446138081771519,88a810076bfffff,1,1,0,0,0.0,5.0
615446140185214975,88a8100f41fffff,1,1,0,0,0.0,3.6
615446137236619263,88a8100445fffff,1,0,1,0,100.0,
615446140225060863,88a8100f67fffff,1,0,0,1,100.0,
615446136297095167,88a81000c5fffff,1,0,0,1,100.0,
615446151199457279,88a8103849fffff,1,0,0,1,100.0,
615446151413366783,88a8103915fffff,1,1,0,0,0.0,4.0
615446167873912831,88a8107667fffff,1,1,0,0,0.0,4.7
615446137345671167,88a81004adfffff,1,1,0,0,0.0,4.8
615446138067091455,88a810075dfffff,1,1,0,0,0.0,3.9
615446167775346687,88a8107609fffff,1,0,0,1,100.0,
615446166894542847,88a81072c1fffff,1,1,0,0,0.0,4.5
615446151771979775,88a8103a6bfffff,1,0,1,0,100.0,
615446151421755391,88a810391dfffff,1,1,0,0,0.0,4.1
615446166907125759,88a81072cdfffff,1,1,0,0,0.0,4.5
